Workbook

Sheet hero
A1: tag | C1: class | D1: tier | E1: slot1Type | F1: slot2Type | G1: slot3Type | H1: slot4Type | I1: slot5Type | J1: slot6Type | K1: slot1Num | L1: slot2Num | M1: slot3Num | N1: slot4Num | O1: slot5Num | P1: slot6Num | Q1: baseHp | R1: baseShield | S1: skillList
A2: militia | B2: 民兵 | C2: fighter | D2: 1 | E2: red | F2: red | G2: red | H2: red | I2: blue | J2: blue | K2: 1 | L2: 1 | M2: 1 | N2: 1 | O2: 1 | P2: 1 | Q2: 5 | R2: 0 | S2: militia_skill1
A3: axeWarrior | B3: 斧战士 | C3: fighter | D3: 2 | E3: red | F3: red | G3: red | H3: red | I3: blue | J3: blue | K3: 2 | L3: 1 | M3: 1 | N3: 1 | O3: 2 | P3: 1 | Q3: 7 | R3: 0 | S3: axeWarrior_skill1
A4: swordsman | B4: 剑士 | C4: fighter | D4: 2 | E4: red | F4: red | G4: red | H4: red | I4: red | J4: blue | K4: 2 | L4: 2 | M4: 1 | N4: 1 | O4: 1 | P4: 1 | Q4: 6 | R4: 0 | S4: swordsman_skill1
A5: greatSwordsman | B5: 大剑士 | C5: fighter | D5: 2 | E5: red | F5: red | G5: red | H5: red | I5: red | J5: blue | K5: 2 | L5: 2 | M5: 1 | N5: 1 | O5: 1 | P5: 1 | Q5: 7 | R5: 0 | S5: greatSwordsman_skill1
A6: fistMaster | B6: 拳师 | C6: fighter | D6: 2 | E6: red | F6: red | G6: red | H6: red | I6: blue | J6: blue | K6: 2 | L6: 2 | M6: 1 | N6: 1 | O6: 1 | P6: 1 | Q6: 5 | R6: 0 | S6: fistMaster_skill1
A7: militiaCaptain | B7: 民兵队长 | C7: fighter | D7: 2 | E7: red | F7: red | G7: red | H7: red | I7: blue | J7: blue | K7: 2 | L7: 2 | M7: 2 | N7: 2 | O7: 2 | P7: 2 | Q7: 7 | R7: 0 | S7: militiaCaptain_skill1
A8: giantAxeKnight | B8: 巨斧骑士 | C8: fighter | D8: 3 | E8: red | F8: red | G8: red | H8: red | I8: blue | J8: green | K8: 4 | L8: 4 | M8: 4 | N8: 1 | O8: 1 | P8: 1 | Q8: 8 | R8: 0 | S8: giantAxeKnight_skill1,giantAxeKnight_skill2
A9: longswordKnight | B9: 长剑骑士 | C9: fighter | D9: 3 | E9: red | F9: red | G9: red | H9: red | I9: blue | J9: blue | K9: 3 | L9: 3 | M9: 3 | N9: 2 | O9: 2 | P9: 2 | Q9: 8 | R9: 0 | S9: longswordKnight_skill1,longswordKnight_skill2
A10: greatswordKnight | B10: 大剑骑士 | C10: fighter | D10: 3 | E10: red | F10: red | G10: red | H10: red | I10: blue | J10: blue | K10: 3 | L10: 3 | M10: 3 | N10: 3 | O10: 1 | P10: 1 | Q10: 9 | R10: 0 | S10: greatswordKnight_skill1,greatswordKnight_skill2
A11: martialArtist | B11: 拳刃骑士 | C11: fighter | D11: 3 | E11: red | F11: red | G11: red | H11: red | I11: red | J11: blue | K11: 3 | L11: 3 | M11: 3 | N11: 2 | O11: 2 | P11: 2 | Q11: 7 | R11: 0 | S11: martialArtist_skill1,martialArtist_skill2
A12: swordKnightOfficer | B12: 剑骑士官 | C12: fighter | D12: 3 | E12: red | F12: red | G12: red | H12: blue | I12: blue | J12: green | K12: 3 | L12: 3 | M12: 3 | N12: 3 | O12: 3 | P12: 3 | Q12: 10 | R12: 0 | S12: swordKnightOfficer_skill1,swordKnightOfficer_skill2
A13: guard | B13: 守卫 | C13: tank | E13: red | F13: red | G13: blue | H13: blue | I13: blue | J13: blue | K13: 1 | L13: 1 | M13: 1 | N13: 1 | O13: 1 | P13: 1 | Q13: 7 | R13: 0 | S13: guard_skill1
A14: shieldBearer | B14: 持盾侍从 | C14: tank | E14: red | F14: red | G14: blue | H14: blue | I14: blue | J14: blue | K14: 2 | L14: 2 | M14: 2 | N14: 2 | O14: 2 | P14: 2 | Q14: 9 | R14: 0 | S14: shieldBearer_skill1,shieldBearer_skill2
A15: shieldFighter | B15: 盾斗士 | C15: tank | E15: red | F15: red | G15: red | H15: blue | I15: blue | J15: blue | K15: 1 | L15: 1 | M15: 1 | N15: 2 | O15: 2 | P15: 1 | Q15: 8 | R15: 0 | S15: shieldFighter_skill1,shieldFighter_skill2
A16: shieldGuard | B16: 盾卫 | C16: tank | E16: red | F16: red | G16: blue | H16: blue | I16: blue | J16: blue | K16: 1 | L16: 1 | M16: 2 | N16: 2 | O16: 1 | P16: 1 | Q16: 8 | R16: 0 | S16: shieldGuard_skill1
A17: apprenticeKnight | B17: 见习骑士 | C17: tank | E17: red | F17: red | G17: blue | H17: blue | I17: blue | J17: blue | K17: 1 | L17: 1 | M17: 2 | N17: 2 | O17: 2 | P17: 1 | Q17: 8 | R17: 0 | S17: apprenticeKnight_skill1,apprenticeKnight_skill2
A18: phalanxSoldier | B18: 方阵士兵 | C18: tank | E18: red | F18: blue | G18: blue | H18: blue | I18: blue | J18: blue | K18: 1 | L18: 2 | M18: 2 | N18: 1 | O18: 1 | P18: 1 | Q18: 9 | R18: 0 | S18: phalanxSoldier_skill1,phalanxSoldier_skill2
A19: shieldOfficer | B19: 盾卫士官 | C19: tank | E19: red | F19: blue | G19: blue | H19: blue | I19: blue | J19: yellow | K19: 3 | L19: 3 | M19: 3 | N19: 3 | O19: 3 | P19: 1 | Q19: 12 | R19: 0 | S19: shieldOfficer_skill1,shieldOfficer_skill2
A20: dualShieldFighter | B20: 双盾斗士 | C20: tank | E20: red | F20: red | G20: red | H20: blue | I20: blue | J20: blue | K20: 3 | L20: 3 | M20: 2 | N20: 2 | O20: 2 | P20: 2 | Q20: 11 | R20: 0 | S20: dualShieldFighter_skill1,dualShieldFighter_skill2
A21: heavyShieldKnight | B21: 重盾骑士 | C21: tank | E21: red | F21: blue | G21: blue | H21: blue | I21: blue | J21: blue | K21: 2 | L21: 3 | M21: 3 | N21: 2 | O21: 2 | P21: 2 | Q21: 10 | R21: 0 | S21: heavyShieldKnight_skill1,heavyShieldKnight_skill2
A22: whiteKnight | B22: 白骑士 | C22: tank | E22: red | F22: blue | G22: blue | H22: blue | I22: blue | J22: green | K22: 1 | L22: 3 | M22: 3 | N22: 2 | O22: 2 | P22: 2 | Q22: 10 | R22: 0 | S22: whiteKnight_skill1,whiteKnight_skill2
A23: bulwarkKnight | B23: 壁垒骑士 | C23: tank | E23: red | F23: blue | G23: blue | H23: blue | I23: blue | J23: green | K23: 1 | L23: 4 | M23: 3 | N23: 3 | O23: 2 | P23: 1 | Q23: 11 | R23: 0 | S23: bulwarkKnight_skill1,bulwarkKnight_skill2
A24: apprentice | B24: 学徒 | C24: mage | E24: red | F24: red | G24: green | H24: green | I24: green | J24: green | K24: 1 | L24: 1 | M24: 1 | N24: 1 | O24: 1 | P24: 1 | Q24: 3 | R24: 0 | S24: apprentice_skill1
... A58: darkPriest | B58: 暗影牧师 | C58: priest | E58: red | F58: red | G58: blue | H58: blue | I58: green | J58: green | K58: 2 | L58: 1 | M58: 2 | N58: 1 | O58: 3 | P58: 3 | Q58: 9 | R58: 0 | S58: darkPriest_skill1,darkPriest_skill2

Sheet monster
A1: tag | C1: class | D1: tier | E1: baseHp | F1: baseShield | G1: skillList
A2: wolf | B2: 狼 | C2: monster | D2: 1 | E2: 4 | F2: 0 | G2: wolf_skill1
A3: blackWolf | B3: 黑狼 | C3: monster | D3: 1 | E3: 5 | F3: 0 | G3: blackWolf_skill1
A4: bandit | B4: 山贼 | C4: monster | D4: 1 | E4: 6 | F4: 0 | G4: bandit_skill1
A5: banditArcher | B5: 山贼弓手 | C5: monster | D5: 1 | E5: 6 | F5: 0 | G5: banditArcher_skill1

Sheet skill
A1: tag | C1: skillName | D1: skillDesc | E1: skillType | F1: skillCost | H1: useType | I1: targetType | J1: hitTarget | K1: dmg | L1: dmgShieldPara | M1: shield | N1: baseBuff | O1: trigger | P1: triggerLimit | Q1: giveBuff | R1: 额外效果（调用子技能） | S1: 伤害目标
A2: militia_skill1 | B2: 民兵 | C2: 劈砍 | D2: 对近战目标造成5点伤害 | E2: skill1 | F2: red,1 | G2: 近战目标 | H2: choose | I2: =VLOOKUP(G2,'$skillTargetType'!$B:$D,2,FALSE) -> melee | J2: =VLOOKUP(G2,'$skillTargetType'!$B:$D,3,FALSE) -> 0,0 | K2: 5 | M2: 0 | S2: enemy
A3: axeWarrior_skill1 | B3: 斧战士 | C3: 巨力纵劈 | D3: 对近战目标及背后相邻单位造成9点伤害 | E3: skill1 | F3: red,2;blue,1 | G3: 近战目标及背后相邻单位 | H3: choose | I3: =VLOOKUP(G3,'$skillTargetType'!$B:$D,2,FALSE) -> melee | J3: =VLOOKUP(G3,'$skillTargetType'!$B:$D,3,FALSE) -> 0,0;0,1 | K3: 9 | M3: 0 | S3: enemy
A4: swordsman_skill1 | B4: 剑士 | C4: 劈砍 | D4: 对近战目标造成12点伤害 | E4: skill1 | F4: red,2 | G4: 近战目标 | H4: choose | I4: =VLOOKUP(G4,'$skillTargetType'!$B:$D,2,FALSE) -> melee | J4: =VLOOKUP(G4,'$skillTargetType'!$B:$D,3,FALSE) -> 0,0 | K4: 12 | M4: 0 | S4: enemy
A5: greatSwordsman_skill1 | B5: 大剑士 | C5: 横扫 | D5: 对近战目标及左右相邻单位造成7点伤害 | E5: skill1 | F5: red,3 | G5: 近战目标及左右相邻单位 | H5: choose | I5: =VLOOKUP(G5,'$skillTargetType'!$B:$D,2,FALSE) -> melee | J5: =VLOOKUP(G5,'$skillTargetType'!$B:$D,3,FALSE) -> 0,0;-1,0;1,0 | K5: 7 | M5: 0 | S5: enemy
A6: fistMaster_skill1 | B6: 拳斗士 | C6: 连打 | D6: 对近战目标造成4点伤害，连击1 | E6: skill1 | F6: red,3 | G6: 近战目标 | H6: choose | I6: =VLOOKUP(G6,'$skillTargetType'!$B:$D,2,FALSE) -> melee | J6: =VLOOKUP(G6,'$skillTargetType'!$B:$D,3,FALSE) -> 0,0 | K6: 4 | M6: 0 | N6: 连击+1 | S6: enemy
A7: militiaCaptain_skill1 | B7: 民兵队长 | C7: 劈砍 | D7: 对近战目标造成8点伤害 | E7: skill1 | F7: red,2 | G7: 近战目标 | H7: choose | I7: =VLOOKUP(G7,'$skillTargetType'!$B:$D,2,FALSE) -> melee | J7: =VLOOKUP(G7,'$skillTargetType'!$B:$D,3,FALSE) -> 0,0 | K7: 8 | M7: 0 | S7: enemy
A8: giantAxeKnight_skill1 | B8: 巨斧骑士 | C8: 巨斧重劈 | D8: 对近战目标及相邻单位造成12点伤害 | E8: skill1 | F8: red,5 | G8: 近战目标及相邻单位 | H8: choose | I8: =VLOOKUP(G8,'$skillTargetType'!$B:$D,2,FALSE) -> melee | J8: =VLOOKUP(G8,'$skillTargetType'!$B:$D,3,FALSE) -> 0,0;0,1;0,-1;-1,0;1,0 | K8: 12 | M8: 0 | S8: enemy
A9: giantAxeKnight_skill2 | B9: 巨斧骑士 | C9: 蓄力 | D9: 自动：自身攻击力+4 | E9: skill2 | F9: red,2;green,2 | G9: 自身 | H9: auto | I9: =VLOOKUP(G9,'$skillTargetType'!$B:$D,2,FALSE) -> self | J9: =VLOOKUP(G9,'$skillTargetType'!$B:$D,3,FALSE) -> 0,0 | K9: 0 | M9: 0 | N9: 攻击力+4
A10: longswordKnight_skill1 | B10: 长剑骑士 | C10: 突击 | D10: 对近战目标造成18点伤害 | E10: skill1 | F10: red,3 | G10: 近战目标 | H10: choose | I10: =VLOOKUP(G10,'$skillTargetType'!$B:$D,2,FALSE) -> melee | J10: =VLOOKUP(G10,'$skillTargetType'!$B:$D,3,FALSE) -> 0,0 | K10: 18 | M10: 0 | S10: enemy
A11: longswordKnight_skill2 | B11: 长剑骑士 | C11: 格挡 | D11: 自动：自身获得6点护甲 | E11: skill2 | F11: blue,2 | G11: 自身 | H11: auto | I11: =VLOOKUP(G11,'$skillTargetType'!$B:$D,2,FALSE) -> self | J11: =VLOOKUP(G11,'$skillTargetType'!$B:$D,3,FALSE) -> 0,0 | K11: 0 | M11: 6
A12: greatswordKnight_skill1 | B12: 大剑骑士 | C12: 横扫 | D12: 对近战目标及左右相邻单位造成11点伤害 | E12: skill1 | F12: red,4 | G12: 近战目标及左右相邻单位 | H12: choose | I12: =VLOOKUP(G12,'$skillTargetType'!$B:$D,2,FALSE) -> melee | J12: =VLOOKUP(G12,'$skillTargetType'!$B:$D,3,FALSE) -> 0,0;-1,0;1,0 | K12: 11 | M12: 0 | S12: enemy
A13: greatswordKnight_skill2 | B13: 大剑骑士 | C13: 连斩 | D13: 自动：为自身的横扫增加连击1 | E13: skill2 | F13: blue,1;green,2 | G13: 自身 | H13: auto | I13: =VLOOKUP(G13,'$skillTargetType'!$B:$D,2,FALSE) -> self | J13: =VLOOKUP(G13,'$skillTargetType'!$B:$D,3,FALSE) -> 0,0 | K13: 0 | M13: 0 | N13: 横扫_连击+1
A14: swordKnightOfficer_skill1 | B14: 剑骑士官 | C14: 率军突击 | D14: 对近战目标造成7点伤害，随后我方前排攻击力+3 | E14: skill1 | F14: red,2;green,2 | G14: 近战目标 | H14: choose | I14: =VLOOKUP(G14,'$skillTargetType'!$B:$D,2,FALSE) -> melee | J14: =VLOOKUP(G14,'$skillTargetType'!$B:$D,3,FALSE) -> 0,0 | K14: 7 | M14: 0 | R14: swordKnightOfficer_skill1_sub | S14: enemy
A15: swordKnightOfficer_skill2 | B15: 剑骑士官 | C15: 坚守战线 | D15: 自动：自身及相邻单位获得3点护甲 | E15: skill2 | F15: blue,4 | G15: 自身及相邻单位 | H15: auto | I15: =VLOOKUP(G15,'$skillTargetType'!$B:$D,2,FALSE) -> self | J15: =VLOOKUP(G15,'$skillTargetType'!$B:$D,3,FALSE) -> 0,0;0,1;0,-1;-1,0;1,0 | K15: 0 | M15: 3
A16: martialArtist_skill1 | B16: 拳刃骑士 | C16: 乱拳连打 | D16: 对近战目标造成4点伤害，连击3 | E16: skill1 | F16: red,4;blue,1 | G16: 近战目标 | H16: choose | I16: =VLOOKUP(G16,'$skillTargetType'!$B:$D,2,FALSE) -> melee | J16: =VLOOKUP(G16,'$skillTargetType'!$B:$D,3,FALSE) -> 0,0 | K16: 4 | M16: 0 | N16: 连击+3 | S16: enemy
A17: martialArtist_skill2 | B17: 拳刃骑士 | C17: 乱拳蓄力 | D17: 自动：为自身的乱拳连打增加连击1 | E17: skill2 | F17: green,3 | G17: 自身 | H17: auto | I17: =VLOOKUP(G17,'$skillTargetType'!$B:$D,2,FALSE) -> self | J17: =VLOOKUP(G17,'$skillTargetType'!$B:$D,3,FALSE) -> 0,0 | K17: 0 | M17: 0 | N17: 乱拳连打_连击+1
A18: guard_skill1 | B18: 守卫 | C18: 持盾攻击 | D18: 对近战目标造成3点伤害，自身获得3点护甲 | E18: skill1 | F18: red,1;blue,1 | G18: 近战目标 | H18: choose | I18: =VLOOKUP(G18,'$skillTargetType'!$B:$D,2,FALSE) -> melee | J18: =VLOOKUP(G18,'$skillTargetType'!$B:$D,3,FALSE) -> 0,0 | K18: 3 | M18: 3 | S18: enemy
A19: shieldBearer_skill1 | B19: 持盾侍从 | C19: 劈砍 | D19: 对近战目标造成7点伤害 | E19: skill1 | F19: red,1 | G19: 近战目标 | H19: choose | I19: =VLOOKUP(G19,'$skillTargetType'!$B:$D,2,FALSE) -> melee | J19: =VLOOKUP(G19,'$skillTargetType'!$B:$D,3,FALSE) -> 0,0 | K19: 7 | M19: 0 | S19: enemy
A20: shieldBearer_skill2 | B20: 持盾侍从 | C20: 保护 | D20: 我方任意单位获得4点护甲 | E20: skill2 | F20: blue,1 | G20: 我方任意单位 | H20: auto | I20: =VLOOKUP(G20,'$skillTargetType'!$B:$D,2,FALSE) -> friendAny | J20: =VLOOKUP(G20,'$skillTargetType'!$B:$D,3,FALSE) -> 0,0 | K20: 0 | M20: 4
A21: shieldFighter_skill1 | B21: 盾斗士 | C21: 持盾突击 | D21: 对近战目标造成3+当前护甲值的伤害 | E21: skill1 | F21: red,2 | G21: 近战目标 | H21: choose | I21: =VLOOKUP(G21,'$skillTargetType'!$B:$D,2,FALSE) -> melee | J21: =VLOOKUP(G21,'$skillTargetType'!$B:$D,3,FALSE) -> 0,0 | K21: 3 | L21: 1 | M21: 0 | S21: enemy
A22: shieldFighter_skill2 | B22: 盾斗士 | C22: 援护 | D22: 自动：我方任意单位和自身获得3点护甲 | E22: skill2 | F22: blue,2 | G22: 我方任意单位和自身 | H22: auto | I22: =VLOOKUP(G22,'$skillTargetType'!$B:$D,2,FALSE) -> friendAnyAndSelf | J22: =VLOOKUP(G22,'$skillTargetType'!$B:$D,3,FALSE) -> 0,0 | K22: 0 | M22: 3
A23: shieldGuard_skill1 | B23: 盾卫 | C23: 持盾攻击 | D23: 对近战目标造成9点伤害，自身获得5点护甲 | E23: skill1 | F23: red,1;blue,2 | G23: 近战目标 | H23: choose | I23: =VLOOKUP(G23,'$skillTargetType'!$B:$D,2,FALSE) -> melee | J23: =VLOOKUP(G23,'$skillTargetType'!$B:$D,3,FALSE) -> 0,0 | K23: 9 | M23: 5 | S23: enemy
A24: apprenticeKnight_skill1 | B24: 见习骑士 | C24: 劈砍 | D24: 对近战目标造成6点伤害 | E24: skill1 | F24: red,1 | G24: 近战目标 | H24: choose | I24: =VLOOKUP(G24,'$skillTargetType'!$B:$D,2,FALSE) -> melee | J24: =VLOOKUP(G24,'$skillTargetType'!$B:$D,3,FALSE) -> 0,0 | K24: 6 | M24: 0 | S24: enemy
A25: apprenticeKnight_skill2 | B25: 见习骑士 | C25: 援护 | D25: 自动：我方任意单位和自身获得3点护甲 | E25: skill2 | F25: blue,2 | G25: 我方任意单位和自身 | H25: auto | I25: =VLOOKUP(G25,'$skillTargetType'!$B:$D,2,FALSE) -> friendAnyAndSelf | J25: =VLOOKUP(G25,'$skillTargetType'!$B:$D,3,FALSE) -> 0,0 | K25: 0 | M25: 3
A26: phalanxSoldier_skill1 | B26: 方阵士兵 | C26: 蓄能冲击 | D26: 对近战目标造成7点伤害，击杀敌人时自身获得3点护甲 | E26: skill1 | F26: red,1;blue,1 | G26: 近战目标 | H26: choose | I26: =VLOOKUP(G26,'$skillTargetType'!$B:$D,2,FALSE) -> melee | J26: =VLOOKUP(G26,'$skillTargetType'!$B:$D,3,FALSE) -> 0,0 | K26: 7 | M26: 0 | O26: kill | P26: 1 | Q26: 击杀敌人时自身护甲+3 | S26: enemy
A27: phalanxSoldier_skill2 | B27: 方阵士兵 | C27: 竖守 | D27: 自动：我方前排获得4点护甲 | E27: skill2 | F27: blue,3 | G27: 我方前排 | H27: auto | I27: =VLOOKUP(G27,'$skillTargetType'!$B:$D,2,FALSE) -> friendMelee | J27: =VLOOKUP(G27,'$skillTargetType'!$B:$D,3,FALSE) -> 0,0 | K27: 0 | M27: 4
A28: shieldOfficer_skill1 | B28: 盾卫士官 | C28: 劈砍 | D28: 对近战目标造成8点伤害 | E28: skill1 | F28: red,3 | G28: 近战目标 | H28: choose | I28: =VLOOKUP(G28,'$skillTargetType'!$B:$D,2,FALSE) -> melee | J28: =VLOOKUP(G28,'$skillTargetType'!$B:$D,3,FALSE) -> 0,0 | K28: 8 | M28: 0 | S28: enemy
A29: shieldOfficer_skill2 | B29: 盾卫士官 | C29: 援护 | D29: 自动：我方任意单位获得5点护甲 | E29: skill2 | F29: blue,1;green,2 | G29: 我方任意单位 | H29: auto | I29: =VLOOKUP(G29,'$skillTargetType'!$B:$D,2,FALSE) -> friendAny | J29: =VLOOKUP(G29,'$skillTargetType'!$B:$D,3,FALSE) -> 0,0 | K29: 0 | M29: 5
A30: dualShieldFighter_skill1 | B30: 双盾斗士 | C30: 二连盾击 | D30: 对近战目标造成4+当前护甲值的伤害，连击1 | E30: skill1 | F30: red,3;blue,2 | G30: 近战目标 | H30: choose | I30: =VLOOKUP(G30,'$skillTargetType'!$B:$D,2,FALSE) -> melee | J30: =VLOOKUP(G30,'$skillTargetType'!$B:$D,3,FALSE) -> 0,0 | K30: 4 | L30: 1 | M30: 0 | N30: 连击+1 | S30: enemy
A31: dualShieldFighter_skill2 | B31: 双盾斗士 | C31: 蓄力 | D31: 自动：自身所在列获得7点护甲，为自身的二连盾击增加连击1 | E31: skill2 | F31: blue,3;green,2 | G31: 自身所在列 | H31: auto | I31: =VLOOKUP(G31,'$skillTargetType'!$B:$D,2,FALSE) -> self | J31: =VLOOKUP(G31,'$skillTargetType'!$B:$D,3,FALSE) -> 0,0;0,1;0,-1;0,2;0,-2;0,3;0,-3;0,4;0,-4 | K31: 0 | M31: 7 | N31: 二连盾击_连击+1
A32: heavyShieldKnight_skill1 | B32: 重盾骑士 | C32: 重盾猛击 | D32: 自身获得6点护甲，之后对近战目标造成等同于自身当前护甲值的伤害 | E32: skill1 | F32: blue,4 | G32: 近战目标 | H32: choose | I32: =VLOOKUP(G32,'$skillTargetType'!$B:$D,2,FALSE) -> melee | J32: =VLOOKUP(G32,'$skillTargetType'!$B:$D,3,FALSE) -> 0,0 | K32: 0 | L32: 1 | M32: 6 | S32: enemy
A33: heavyShieldKnight_skill2 | B33: 重盾骑士 | C33: 阻挡 | D33: 自动：自身所在列获得5点护甲 | E33: skill2 | F33: red,1;blue,2 | G33: 自身所在列 | H33: auto | I33: =VLOOKUP(G33,'$skillTargetType'!$B:$D,2,FALSE) -> self | J33: =VLOOKUP(G33,'$skillTargetType'!$B:$D,3,FALSE) -> 0,0;0,1;0,-1;0,2;0,-2;0,3;0,-3;0,4;0,-4 | K33: 0 | M33: 5
A34: whiteKnight_skill1 | B34: 白骑士 | C34: 二连斩击 | D34: 对近战目标造成6点伤害，连击1 | E34: skill1 | F34: red,2;green,2 | G34: 近战目标 | H34: choose | I34: =VLOOKUP(G34,'$skillTargetType'!$B:$D,2,FALSE) -> melee | J34: =VLOOKUP(G34,'$skillTargetType'!$B:$D,3,FALSE) -> 0,0 | K34: 6 | M34: 0 | N34: 连击+1 | S34: enemy
A35: whiteKnight_skill2 | B35: 白骑士 | C35: 祈福 | D35: 自动：我方任意单位和自身获得4点护甲，且攻击力+2 | E35: skill2 | F35: red,2;blue,2 | G35: 我方任意单位和自身 | H35: auto | I35: =VLOOKUP(G35,'$skillTargetType'!$B:$D,2,FALSE) -> friendAnyAndSelf | J35: =VLOOKUP(G35,'$skillTargetType'!$B:$D,3,FALSE) -> 0,0 | K35: 0 | M35: 4 | N35: 攻击力+2，二连斩击 连击1
A36: bulwarkKnight_skill1 | B36: 壁垒骑士 | C36: 持盾突击 | D36: 对近战目标造成5+当前护甲值的伤害 | E36: skill1 | F36: red,2 | G36: 近战目标 | H36: choose | I36: =VLOOKUP(G36,'$skillTargetType'!$B:$D,2,FALSE) -> melee | J36: =VLOOKUP(G36,'$skillTargetType'!$B:$D,3,FALSE) -> 0,0 | K36: 5 | L36: 1 | M36: 0 | S36: enemy
A37: bulwarkKnight_skill2 | B37: 壁垒骑士 | C37: 壁垒 | D37: 自动：自身所在行获得6点护甲，攻击力+2 | E37: skill2 | F37: blue,4;green,1 | G37: 自身所在行 | H37: auto | I37: =VLOOKUP(G37,'$skillTargetType'!$B:$D,2,FALSE) -> self | J37: =VLOOKUP(G37,'$skillTargetType'!$B:$D,3,FALSE) -> 0,0;-1,0;1,0;-2,0;2,0;-3,0;3,0;-4,0;4,0 | K37: 0 | M37: 6 | N37: 攻击力+2
A38: apprentice_skill1 | B38: 学徒 | C38: 火球 | D38: 对任意目标造成6点伤害 | E38: skill1 | F38: red,1;blue,1 | G38: 任意目标 | H38: choose | I38: =VLOOKUP(G38,'$skillTargetType'!$B:$D,2,FALSE) -> any | J38: =VLOOKUP(G38,'$skillTargetType'!$B:$D,3,FALSE) -> 0,0 | K38: 6 | M38: 0 | S38: enemy
A39: flameApprentice_skill1 | B39: 烈焰学徒 | C39: 大火球 | D39: 对任意目标造成15点伤害 | E39: skill1 | F39: red,1;blue,2 | G39: 任意目标 | H39: choose | I39: =VLOOKUP(G39,'$skillTargetType'!$B:$D,2,FALSE) -> any | J39: =VLOOKUP(G39,'$skillTargetType'!$B:$D,3,FALSE) -> 0,0 | K39: 15 | M39: 0 | S39: enemy
A40: thunderApprentice_skill1 | B40: 雷语学徒 | C40: 雷电术 | D40: 对任意目标造成8点伤害 | E40: skill1 | F40: green,2 | G40: 任意目标 | H40: choose | I40: =VLOOKUP(G40,'$skillTargetType'!$B:$D,2,FALSE) -> any | J40: =VLOOKUP(G40,'$skillTargetType'!$B:$D,3,FALSE) -> 0,0 | K40: 8 | M40: 0 | S40: enemy
A41: thunderApprentice_skill2 | B41: 雷语学徒 | C41: 静电 | D41: 自动：为自身的雷电术增加充能1 | E41: skill2 | F41: red,2;blue,1 | G41: 自身 | H41: auto | I41: =VLOOKUP(G41,'$skillTargetType'!$B:$D,2,FALSE) -> self | J41: =VLOOKUP(G41,'$skillTargetType'!$B:$D,3,FALSE) -> 0,0 | K41: 0 | M41: 0 | N41: 雷电术_充能+1
A42: frostApprentice_skill1 | B42: 寒冰学徒 | C42: 冰箭术 | D42: 对任意目标造成6点伤害，自身获得3点护甲 | E42: skill1 | F42: red,1;blue,1;green,1 | G42: 任意目标 | H42: choose | I42: =VLOOKUP(G42,'$skillTargetType'!$B:$D,2,FALSE) -> any | J42: =VLOOKUP(G42,'$skillTargetType'!$B:$D,3,FALSE) -> 0,0 | K42: 6 | M42: 3 | S42: enemy
A43: frostApprentice_skill2 | B43: 寒冰学徒 | C43: 冷却 | D43: 自动：自身获得3点护甲，攻击力+4 | E43: skill2 | F43: green,3 | G43: 自身 | H43: auto | I43: =VLOOKUP(G43,'$skillTargetType'!$B:$D,2,FALSE) -> self | J43: =VLOOKUP(G43,'$skillTargetType'!$B:$D,3,FALSE) -> 0,0 | K43: 0 | M43: 3 | N43: 攻击力+4
A44: flameSwordsman_skill1 | B44: 炎剑士 | C44: 烈焰横扫 | D44: 对近战目标及同行造成5点伤害 | E44: skill1 | F44: green,3 | G44: 近战目标及同行 | H44: choose | I44: =VLOOKUP(G44,'$skillTargetType'!$B:$D,2,FALSE) -> melee | J44: =VLOOKUP(G44,'$skillTargetType'!$B:$D,3,FALSE) -> 0,0;-1,0;1,0;-2,0;2,0;-3,0;3,0;-4,0;4,0 | K44: 5 | M44: 0 | S44: enemy
A45: flameSwordsman_skill2 | B45: 炎剑士 | C45: 火球 | D45: 对任意目标造成6点伤害 | E45: skill2 | F45: red,2 | G45: 任意目标 | H45: choose | I45: =VLOOKUP(G45,'$skillTargetType'!$B:$D,2,FALSE) -> any | J45: =VLOOKUP(G45,'$skillTargetType'!$B:$D,3,FALSE) -> 0,0 | K45: 6 | M45: 0 | S45: enemy
A46: thunderAcolyte_skill1 | B46: 雷霆侍僧 | C46: 闪电链 | D46: 对近战目标和1个随机目标造成5点伤害 | E46: skill1 | F46: red,1;blue,2 | G46: 近战目标和1个随机目标 | H46: choose | I46: =VLOOKUP(G46,'$skillTargetType'!$B:$D,2,FALSE) -> meleeAndRand | J46: =VLOOKUP(G46,'$skillTargetType'!$B:$D,3,FALSE) -> 0,0 | K46: 5 | M46: 0 | S46: enemy
A47: thunderAcolyte_skill2 | B47: 雷霆侍僧 | C47: 超载 | D47: 自动：为自身的闪电链增加1个随机目标 | E47: skill2 | F47: blue,2 | G47: 自身 | H47: auto | I47: =VLOOKUP(G47,'$skillTargetType'!$B:$D,2,FALSE) -> self | J47: =VLOOKUP(G47,'$skillTargetType'!$B:$D,3,FALSE) -> 0,0 | K47: 0 | M47: 0 | N47: 闪电链_随机目标+1
A48: frostAcolyte_skill1 | B48: 寒霜侍僧 | C48: 冰锥术 | D48: 对任意目标造成6点伤害，击杀敌人时对其相邻单位造成5点伤害 | E48: =E46 -> skill1 | F48: blue,1;green,2 | G48: 任意目标 | H48: choose | I48: =VLOOKUP(G48,'$skillTargetType'!$B:$D,2,FALSE) -> any | J48: =VLOOKUP(G48,'$skillTargetType'!$B:$D,3,FALSE) -> 0,0 | K48: 6 | M48: 0 | O48: kill | R48: frostAcolyte_skill1_sub | S48: enemy
A49: frostAcolyte_skill1_sub | B49: 寒霜侍僧 | E49: =E47 -> skill2 | F49: null | G49: 相邻单位 | H49: null | I49: =VLOOKUP(G49,'$skillTargetType'!$B:$D,2,FALSE) -> inherit | J49: =VLOOKUP(G49,'$skillTargetType'!$B:$D,3,FALSE) -> 0,0;0,1;0,-1;-1,0;1,0 | K49: 5 | M49: 0
A50: frostAcolyte_skill2 | B50: 寒霜侍僧 | C50: 霜盾 | D50: 自动：自身所在列获得4点护甲 | E50: =E48 -> skill1 | F50: red,2;blue,1 | G50: 自身所在列 | H50: auto | I50: =VLOOKUP(G50,'$skillTargetType'!$B:$D,2,FALSE) -> self | J50: =VLOOKUP(G50,'$skillTargetType'!$B:$D,3,FALSE) -> 0,0;0,1;0,-1;0,2;0,-2;0,3;0,-3;0,4;0,-4 | K50: 0 | M50: 4
A51: blazeMage_skill1 | B51: 爆炎术士 | C51: 大火球 | D51: 对任意目标造成22点伤害 | E51: =E49 -> skill2 | F51: red,1;blue,3 | G51: 任意目标 | H51: choose | I51: =VLOOKUP(G51,'$skillTargetType'!$B:$D,2,FALSE) -> any | J51: =VLOOKUP(G51,'$skillTargetType'!$B:$D,3,FALSE) -> 0,0 | K51: 22 | M51: 0 | S51: enemy
A52: blazeMage_skill2 | B52: 爆炎术士 | C52: 爆炎火球 | D52: 对任意目标及相邻单位造成4点伤害 | E52: =E50 -> skill1 | F52: green,5 | G52: 任意目标及相邻单位 | H52: choose | I52: =VLOOKUP(G52,'$skillTargetType'!$B:$D,2,FALSE) -> any | J52: =VLOOKUP(G52,'$skillTargetType'!$B:$D,3,FALSE) -> 0,0;0,1;0,-1;-1,0;1,0 | K52: 4 | M52: 0 | S52: enemy
A53: thunderMage_skill1 | B53: 雷语法师 | C53: 轰雷术 | D53: 对任意目标造成8点伤害，对其相邻单位造成4点伤害 | E53: =E51 -> skill2 | F53: green,5 | G53: 任意目标 | H53: choose | I53: =VLOOKUP(G53,'$skillTargetType'!$B:$D,2,FALSE) -> any | J53: =VLOOKUP(G53,'$skillTargetType'!$B:$D,3,FALSE) -> 0,0 | K53: 8 | M53: 0 | R53: thunderMage_skill1_sub | S53: enemy
A54: thunderMage_skill1_sub | B54: 雷语法师 | E54: =E52 -> skill1 | F54: null | G54: 相邻单位 | H54: null | I54: =VLOOKUP(G54,'$skillTargetType'!$B:$D,2,FALSE) -> inherit | J54: =VLOOKUP(G54,'$skillTargetType'!$B:$D,3,FALSE) -> 0,0;0,1;0,-1;-1,0;1,0 | K54: 4 | M54: 0
A55: thunderMage_skill2 | B55: 雷语法师 | C55: 静电 | D55: 自动：为自身的轰雷术增加充能1 | E55: =E53 -> skill2 | F55: red,3;blue,2 | G55: 自身 | H55: auto | I55: =VLOOKUP(G55,'$skillTargetType'!$B:$D,2,FALSE) -> self | J55: =VLOOKUP(G55,'$skillTargetType'!$B:$D,3,FALSE) -> 0,0 | K55: 0 | M55: 0 | Q55: 轰雷术_充能+1
A56: frostMage_skill1 | B56: 寒冰法师 | C56: 冰枪术 | D56: 对任意目标造成9点伤害，自身获得3点护甲，回合中首次击杀敌人时充能1 | E56: =E54 -> skill1 | F56: blue,1;green,3 | G56: 任意目标 | H56: choose | I56: =VLOOKUP(G56,'$skillTargetType'!$B:$D,2,FALSE) -> any | J56: =VLOOKUP(G56,'$skillTargetType'!$B:$D,3,FALSE) -> 0,0 | K56: 9 | M56: 3 | O56: kill | P56: 1 | R56: frostMage_skill1_sub | S56: enemy
A57: frostMage_skill1_sub | B57: 寒冰法师 | F57: null | G57: 自身 | H57: null | I57: =VLOOKUP(G57,'$skillTargetType'!$B:$D,2,FALSE) -> self | J57: =VLOOKUP(G57,'$skillTargetType'!$B:$D,3,FALSE) -> 0,0 | K57: 0 | M57: 0 | Q57: 冰枪术_充能+1
A58: frostMage_skill2 | B58: 寒冰法师 | C58: 冷却 | D58: 自动：自身获得5点护甲，攻击力+6 | E58: =E56 -> skill1 | F58: blue,1;green,3 | G58: 自身 | H58: auto | I58: =VLOOKUP(G58,'$skillTargetType'!$B:$D,2,FALSE) -> self | J58: =VLOOKUP(G58,'$skillTargetType'!$B:$D,3,FALSE) -> 0,0 | K58: 0 | M58: 5 | Q58: 攻击力+6
A59: blazeSwordsman_skill1 | B59: 爆炎剑士 | C59: 烈焰魔剑 | D59: 对近战目标及同行造成8点伤害 | E59: skill1 | F59: red,2;green,4 | G59: 近战目标及同行 | H59: choose | I59: =VLOOKUP(G59,'$skillTargetType'!$B:$D,2,FALSE) -> melee | J59: =VLOOKUP(G59,'$skillTargetType'!$B:$D,3,FALSE) -> 0,0;-1,0;1,0;-2,0;2,0;-3,0;3,0;-4,0;4,0 | K59: 8 | M59: 0 | S59: enemy
A60: blazeSwordsman_skill2 | B60: 爆炎剑士 | C60: 怒焰魔剑 | D60: 对任意列造成8点伤害 | E60: skill2 | F60: blue,4;green,2 | G60: 任意列 | H60: choose | I60: =VLOOKUP(G60,'$skillTargetType'!$B:$D,2,FALSE) -> any | J60: =VLOOKUP(G60,'$skillTargetType'!$B:$D,3,FALSE) -> 0,0;0,1;0,-1;0,2;0,-2;0,3;0,-3;0,4;0,-4 | K60: 8 | M60: 0 | S60: enemy
A61: thunderPriest_skill1 | B61: 雷霆祭司 | C61: 大闪电链 | D61: 对近战目标和2个随机目标造成6点伤害 | E61: =E59 -> skill1 | F61: green,4 | G61: 近战目标和2个随机目标 | H61: choose | I61: =VLOOKUP(G61,'$skillTargetType'!$B:$D,2,FALSE) -> meleeAndRand2 | J61: =VLOOKUP(G61,'$skillTargetType'!$B:$D,3,FALSE) -> 0,0 | K61: 6 | M61: 0 | S61: enemy
A62: thunderPriest_skill2 | B62: 雷霆祭司 | C62: 超载 | D62: 自动：自身攻击力+2，为自身的大闪电链增加2个随机目标 | E62: =E60 -> skill2 | F62: red,2;blue,2 | G62: 自身 | H62: auto | I62: =VLOOKUP(G62,'$skillTargetType'!$B:$D,2,FALSE) -> self | J62: =VLOOKUP(G62,'$skillTargetType'!$B:$D,3,FALSE) -> 0,0 | K62: 0 | M62: 0 | Q62: 攻击力+2;大闪电链_随机目标+2
A63: frostPriest_skill1 | B63: 寒霜祭司 | C63: 冰暴术 | D63: 对任意目标及相邻单位造成8点伤害 | E63: =E61 -> skill1 | F63: red,2;blue,2 | G63: 任意目标及相邻单位 | H63: choose | I63: =VLOOKUP(G63,'$skillTargetType'!$B:$D,2,FALSE) -> any | J63: =VLOOKUP(G63,'$skillTargetType'!$B:$D,3,FALSE) -> 0,0;0,1;0,-1;-1,0;1,0 | K63: 8 | M63: 0 | S63: enemy
A64: frostPriest_skill2 | B64: 寒霜祭司 | C64: 霜盾 | D64: 自动：自身及相邻单位获得5点护甲 | E64: =E62 -> skill2 | F64: blue,3;green,3 | G64: 自身及相邻单位 | H64: auto | I64: =VLOOKUP(G64,'$skillTargetType'!$B:$D,2,FALSE) -> self | J64: =VLOOKUP(G64,'$skillTargetType'!$B:$D,3,FALSE) -> 0,0;0,1;0,-1;-1,0;1,0 | K64: 0 | M64: 5
A65: hunter_skill1 | B65: 猎人 | C65: 射击 | D65: 对任意目标造成4点伤害 | E65: =E63 -> skill1 | F65: red,1 | G65: 任意目标 | H65: choose | I65: =VLOOKUP(G65,'$skillTargetType'!$B:$D,2,FALSE) -> any | J65: =VLOOKUP(G65,'$skillTargetType'!$B:$D,3,FALSE) -> 0,0 | K65: 4 | M65: 0 | S65: enemy
A66: crossbowman_skill1 | B66: 连弩射手 | C66: 连段射击 | D66: 对随机近战目标造成4点伤害，连击2 | E66: =E64 -> skill2 | F66: red,1;green,2 | G66: 随机近战目标 | H66: choose | I66: =VLOOKUP(G66,'$skillTargetType'!$B:$D,2,FALSE) -> meleeRand | J66: =VLOOKUP(G66,'$skillTargetType'!$B:$D,3,FALSE) -> 0 | K66: 4 | M66: 0 | Q66: 连击+2 | S66: enemy
A67: shortbowHunter_skill1 | B67: 短弓猎手 | C67: 速射 | D67: 对任意目标造成5点伤害，充能1 | E67: =E65 -> skill1 | F67: red,2;blue,2 | G67: 任意目标 | H67: choose | I67: =VLOOKUP(G67,'$skillTargetType'!$B:$D,2,FALSE) -> any | J67: =VLOOKUP(G67,'$skillTargetType'!$B:$D,3,FALSE) -> 0,0 | K67: 5 | M67: 0 | R67: shortbowHunter_skill1_sub | S67: enemy
A68: shortbowHunter_skill2 | B68: 短弓猎手 | C68: 弹药装填 | D68: 自动：为自身的速射增加充能1 | E68: =E66 -> skill2 | F68: green,2 | G68: 自身 | H68: auto | I68: =VLOOKUP(G68,'$skillTargetType'!$B:$D,2,FALSE) -> self | J68: =VLOOKUP(G68,'$skillTargetType'!$B:$D,3,FALSE) -> 0,0 | K68: 0 | M68: 0 | Q68: 速射_充能+1
A69: archer_skill1 | B69: 弓箭手 | C69: 射击 | D69: 对任意目标造成10点伤害 | E69: skill1 | F69: red,1;green,1 | G69: 任意目标 | H69: choose | I69: =VLOOKUP(G69,'$skillTargetType'!$B:$D,2,FALSE) -> any | J69: =VLOOKUP(G69,'$skillTargetType'!$B:$D,3,FALSE) -> 0,0 | K69: 10 | M69: 0 | S69: enemy
A70: archer_skill2 | B70: 弓箭手 | C70: 急速射击 | D70: 自动：对随机近战目标造成6点伤害 | E70: skill2 | F70: red,1;blue,1 | G70: 随机近战目标 | H70: auto | I70: =VLOOKUP(G70,'$skillTargetType'!$B:$D,2,FALSE) -> meleeRand | J70: =VLOOKUP(G70,'$skillTargetType'!$B:$D,3,FALSE) -> 0 | K70: 6 | M70: 0 | S70: enemy
A71: lightCrossbowman_skill1 | B71: 轻弩射手 | C71: 贯通射击 | D71: 对任意目标及背后相邻单位造成6点伤害 | E71: skill1 | F71: red,1;green,2 | G71: 任意目标及背后相邻单位 | H71: choose | I71: =VLOOKUP(G71,'$skillTargetType'!$B:$D,2,FALSE) -> melee | J71: =VLOOKUP(G71,'$skillTargetType'!$B:$D,3,FALSE) -> 0,0;0,1 | K71: 6 | M71: 0 | S71: enemy
A72: lightCrossbowman_skill2 | B72: 轻弩射手 | C72: 强弩蓄力 | D72: 自动：自身攻击力+2 | E72: skill2 | F72: green,2 | G72: 自身 | H72: auto | I72: =VLOOKUP(G72,'$skillTargetType'!$B:$D,2,FALSE) -> self | J72: =VLOOKUP(G72,'$skillTargetType'!$B:$D,3,FALSE) -> 0,0 | K72: 0 | M72: 0 | Q72: 攻击力+2
A73: ranger_skill1 | B73: 游侠 | C73: 刺杀 | D73: 对任意目标造成8点伤害，回合中首次击杀敌人时充能1 | E73: skill1 | F73: red,1;green,2 | G73: 任意目标 | H73: choose | I73: =VLOOKUP(G73,'$skillTargetType'!$B:$D,2,FALSE) -> any | J73: =VLOOKUP(G73,'$skillTargetType'!$B:$D,3,FALSE) -> 0,0 | K73: 8 | M73: 0 | O73: kill | R73: ranger_skill1_sub | S73: enemy
A74: eliteCrossbowman_skill1 | B74: 连弩精锐 | C74: 连弩速射 | D74: 对随机近战目标造成5点伤害，连击3 | E74: skill1 | F74: red,1;green,4 | G74: 随机近战目标 | H74: choose | I74: =VLOOKUP(G74,'$skillTargetType'!$B:$D,2,FALSE) -> meleeRand | J74: =VLOOKUP(G74,'$skillTargetType'!$B:$D,3,FALSE) -> 0 | K74: 5 | M74: 0 | Q74: 连击+3 | S74: enemy
A75: swiftHunter_skill1 | B75: 急速猎手 | C75: 急速散射 | D75: 对近战目标和1个随机目标造成5点伤害，连击1，充能1 | E75: skill1 | F75: red,3;blue,2 | G75: 近战目标和1个随机目标 | H75: choose | I75: =VLOOKUP(G75,'$skillTargetType'!$B:$D,2,FALSE) -> meleeAndRand | J75: =VLOOKUP(G75,'$skillTargetType'!$B:$D,3,FALSE) -> 0,0 | K75: 5 | M75: 0 | Q75: 连击+1 | R75: swiftHunter_skill1_sub | S75: enemy
A76: swiftHunter_skill2 | B76: 急速猎手 | C76: 弹药装填 | D76: 自动：为自身的急速散射增加连击1 | E76: skill2 | F76: blue,3;green,2 | G76: 自身 | H76: auto | I76: =VLOOKUP(G76,'$skillTargetType'!$B:$D,2,FALSE) -> self | J76: =VLOOKUP(G76,'$skillTargetType'!$B:$D,3,FALSE) -> 0,0 | K76: 0 | M76: 0 | Q76: 急速散射_连击+1
A77: longbowman_skill1 | B77: 长弓手 | C77: 射击 | D77: 对任意目标造成18点伤害 | E77: skill1 | F77: red,3;green,2 | G77: 任意目标 | H77: choose | I77: =VLOOKUP(G77,'$skillTargetType'!$B:$D,2,FALSE) -> any | J77: =VLOOKUP(G77,'$skillTargetType'!$B:$D,3,FALSE) -> 0,0 | K77: 18 | M77: 0 | S77: enemy
A78: longbowman_skill2 | B78: 长弓手 | C78: 匕首斩击 | D78: 对近战目标造成8点伤害 | E78: skill2 | F78: red,1;blue,2 | G78: 近战目标 | H78: choose | I78: =VLOOKUP(G78,'$skillTargetType'!$B:$D,2,FALSE) -> melee | J78: =VLOOKUP(G78,'$skillTargetType'!$B:$D,3,FALSE) -> 0,0 | K78: 8 | M78: 0 | S78: enemy
A79: heavyCrossbowman_skill1 | B79: 重弩射手 | C79: 贯通连击 | D79: 对任意列造成6点伤害，连击1 | E79: skill1 | F79: red,3;green,2 | G79: 任意列 | H79: choose | I79: =VLOOKUP(G79,'$skillTargetType'!$B:$D,2,FALSE) -> any | J79: =VLOOKUP(G79,'$skillTargetType'!$B:$D,3,FALSE) -> 0,0;0,1;0,-1;0,2;0,-2;0,3;0,-3;0,4;0,-4 | K79: 6 | M79: 0 | Q79: 连击+1 | S79: enemy
A80: heavyCrossbowman_skill2 | B80: 重弩射手 | C80: 弹药装填 | D80: 自动：为自身的贯通连击增加连击1 | E80: skill2 | F80: blue,4 | G80: 自身 | H80: auto | I80: =VLOOKUP(G80,'$skillTargetType'!$B:$D,2,FALSE) -> self | J80: =VLOOKUP(G80,'$skillTargetType'!$B:$D,3,FALSE) -> 0,0 | K80: 0 | M80: 0 | Q80: 贯通连击_连击+1
A81: eliteRanger_skill1 | B81: 精锐游侠 | C81: 刺杀 | D81: 对任意目标造成10点伤害，回合中首次击杀敌人时充能1 | E81: skill1 | F81: red,3;green,2 | G81: 任意目标 | H81: choose | I81: =VLOOKUP(G81,'$skillTargetType'!$B:$D,2,FALSE) -> any | J81: =VLOOKUP(G81,'$skillTargetType'!$B:$D,3,FALSE) -> 0,0 | K81: 10 | M81: 0 | O81: kill | R81: eliteRanger_skill1_sub | S81: enemy
A82: eliteRanger_skill2 | B82: 精锐游侠 | C82: 预谋 | D82: 对近战目标施加破碎1 | E82: skill2 | F82: blue,4 | G82: 近战目标 | H82: choose | I82: =VLOOKUP(G82,'$skillTargetType'!$B:$D,2,FALSE) -> melee | J82: =VLOOKUP(G82,'$skillTargetType'!$B:$D,3,FALSE) -> 0,0 | K82: 0 | M82: 0 | R82: eliteRanger_skill2_sub
A83: priest_skill1 | B83: 牧师 | C83: 保护 | D83: 我方任意单位获得4点护甲 | E83: skill1 | F83: green,1 | G83: 我方任意单位 | H83: auto | I83: =VLOOKUP(G83,'$skillTargetType'!$B:$D,2,FALSE) -> friendAny | J83: =VLOOKUP(G83,'$skillTargetType'!$B:$D,3,FALSE) -> 0,0 | K83: 0 | M83: 4
A84: paladin_skill1 | B84: 圣武士 | C84: 辉光斩 | D84: 对近战目标造成10点伤害 | E84: skill1 | F84: green,3 | G84: 近战目标 | H84: choose | I84: =VLOOKUP(G84,'$skillTargetType'!$B:$D,2,FALSE) -> melee | J84: =VLOOKUP(G84,'$skillTargetType'!$B:$D,3,FALSE) -> 0,0 | K84: 10 | M84: 0 | S84: enemy
A85: paladin_skill2 | B85: 圣武士 | C85: 圣光之力 | D85: 自动：自身获得3点护甲，攻击力+3 | E85: skill2 | F85: red,1;blue,2 | G85: 自身 | H85: auto | I85: =VLOOKUP(G85,'$skillTargetType'!$B:$D,2,FALSE) -> self | J85: =VLOOKUP(G85,'$skillTargetType'!$B:$D,3,FALSE) -> 0,0 | K85: 0 | M85: 3 | Q85: 攻击力+3
A86: prayer_skill1 | B86: 祈祷士 | C86: 灌注 | D86: 我方任意单位攻击力+3 | E86: skill1 | F86: green,2 | G86: 我方任意单位 | H86: auto | I86: =VLOOKUP(G86,'$skillTargetType'!$B:$D,2,FALSE) -> friendAny | J86: =VLOOKUP(G86,'$skillTargetType'!$B:$D,3,FALSE) -> 0,0 | K86: 0 | M86: 0 | Q86: 攻击力+3
A87: prayer_skill2 | B87: 祈祷士 | C87: 圣光术 | D87: 对任意目标造成6点伤害 | E87: skill2 | F87: red,1;blue,1 | G87: 任意目标 | H87: choose | I87: =VLOOKUP(G87,'$skillTargetType'!$B:$D,2,FALSE) -> any | J87: =VLOOKUP(G87,'$skillTargetType'!$B:$D,3,FALSE) -> 0,0 | K87: 6 | M87: 0 | S87: enemy
A88: whitePriest_skill1 | B88: 白牧师 | C88: 圣盾术 | D88: 我方任意单位和自身获得5点护甲 | E88: skill1 | F88: blue,1;green,1 | G88: 我方任意单位和自身 | H88: auto | I88: =VLOOKUP(G88,'$skillTargetType'!$B:$D,2,FALSE) -> friendAnyAndSelf | J88: =VLOOKUP(G88,'$skillTargetType'!$B:$D,3,FALSE) -> 0,0 | K88: 0 | M88: 5
A89: whitePriest_skill2 | B89: 白牧师 | C89: 闪光术 | D89: 对任意目标造成5点伤害 | E89: skill2 | F89: red,1;blue,2 | G89: 任意目标 | H89: choose | I89: =VLOOKUP(G89,'$skillTargetType'!$B:$D,2,FALSE) -> any | J89: =VLOOKUP(G89,'$skillTargetType'!$B:$D,3,FALSE) -> 0,0 | K89: 5 | M89: 0 | S89: enemy
A90: bloodPriest_skill1 | B90: 鲜血祭司 | C90: 鲜血灌注 | D90: 我方任意单位获得3点护甲，攻击力+3，对自身造成2点伤害 | E90: skill1 | F90: green,3 | G90: 我方任意单位 | H90: auto | I90: =VLOOKUP(G90,'$skillTargetType'!$B:$D,2,FALSE) -> friendAny | J90: =VLOOKUP(G90,'$skillTargetType'!$B:$D,3,FALSE) -> 0,0 | K90: 2 | M90: 3 | Q90: 攻击力+3 | S90: self
A91: bloodPriest_skill2 | B91: 鲜血祭司 | C91: 鲜血护盾 | D91: 自动：我方前排获得3点护甲 | E91: skill2 | F91: green,3 | G91: 我方前排 | H91: auto | I91: =VLOOKUP(G91,'$skillTargetType'!$B:$D,2,FALSE) -> friendMelee | J91: =VLOOKUP(G91,'$skillTargetType'!$B:$D,3,FALSE) -> 0,0 | K91: 0 | M91: 3
A92: shadowPriest_skill1 | B92: 影牧师 | C92: 重伤 | D92: 对任意目标施加重伤4 | E92: skill1 | F92: green,3 | G92: 任意目标 | H92: choose | I92: =VLOOKUP(G92,'$skillTargetType'!$B:$D,2,FALSE) -> any | J92: =VLOOKUP(G92,'$skillTargetType'!$B:$D,3,FALSE) -> 0,0 | K92: 0 | M92: 0 | R92: shadowPriest_skill1_sub
A93: shadowPriest_skill2 | B93: 影牧师 | C93: 暗影之力 | D93: 自动：自身所在行攻击力+3 | E93: skill2 | F93: red,2 | G93: 自身所在行 | H93: auto | I93: =VLOOKUP(G93,'$skillTargetType'!$B:$D,2,FALSE) -> self | J93: =VLOOKUP(G93,'$skillTargetType'!$B:$D,3,FALSE) -> 0,0;-1,0;1,0;-2,0;2,0;-3,0;3,0;-4,0;4,0 | K93: 0 | M93: 0 | Q93: 攻击力+3
A94: templeWarrior_skill1 | B94: 神殿武士 | C94: 圣光斩 | D94: 对近战目标造成16点伤害 | E94: skill1 | F94: red,1;green,4 | G94: 近战目标 | H94: choose | I94: =VLOOKUP(G94,'$skillTargetType'!$B:$D,2,FALSE) -> melee | J94: =VLOOKUP(G94,'$skillTargetType'!$B:$D,3,FALSE) -> 0,0 | K94: 16 | M94: 0 | S94: enemy
A95: templeWarrior_skill2 | B95: 神殿武士 | C95: 圣光帷幕 | D95: 自动：自身攻击力+5，我方前排获得4点护甲 | E95: skill2 | F95: blue,4 | G95: 自身及我方前排 | H95: auto | I95: =VLOOKUP(G95,'$skillTargetType'!$B:$D,2,FALSE) -> selfAndfriendMelee | J95: =VLOOKUP(G95,'$skillTargetType'!$B:$D,3,FALSE) -> 0,0 | K95: 0 | M95: 4 | Q95: 攻击力+5
A96: prophet_skill1 | B96: 祈祷先知 | C96: 灌注 | D96: 我方任意单位攻击力+5 | E96: skill1 | F96: green,4 | G96: 我方任意单位 | H96: auto | I96: =VLOOKUP(G96,'$skillTargetType'!$B:$D,2,FALSE) -> friendAny | J96: =VLOOKUP(G96,'$skillTargetType'!$B:$D,3,FALSE) -> 0,0 | K96: 0 | M96: 0 | Q96: 攻击力+5
A97: prophet_skill2 | B97: 祈祷先知 | C97: 虔诚 | D97: 自动：为灌注增加充能1 | E97: skill2 | F97: red,2;blue,2 | G97: 自身 | H97: auto | I97: =VLOOKUP(G97,'$skillTargetType'!$B:$D,2,FALSE) -> self | J97: =VLOOKUP(G97,'$skillTargetType'!$B:$D,3,FALSE) -> 0,0 | K97: 0 | M97: 0 | Q97: 灌注_充能+1
A98: archbishop_skill1 | B98: 牧首 | C98: 圣盾术 | D98: 我方任意单位和自身获得7点护甲 | E98: skill1 | F98: blue,3;green,2 | G98: 我方任意单位和自身 | H98: auto | I98: =VLOOKUP(G98,'$skillTargetType'!$B:$D,2,FALSE) -> friendAnyAndSelf | J98: =VLOOKUP(G98,'$skillTargetType'!$B:$D,3,FALSE) -> 0,0 | K98: 0 | M98: 7
A99: archbishop_skill2 | B99: 牧首 | C99: 闪光术 | D99: 对任意目标造成5点伤害，充能1 | E99: skill2 | F99: red,1;green,4 | G99: 任意目标 | H99: choose | I99: =VLOOKUP(G99,'$skillTargetType'!$B:$D,2,FALSE) -> any | J99: =VLOOKUP(G99,'$skillTargetType'!$B:$D,3,FALSE) -> 0,0 | K99: 5 | M99: 0 | R99: archbishop_skill2_sub | S99: enemy
A100: bloodBishop_skill1 | B100: 鲜血主教 | C100: 鲜血灌注 | D100: 我方前排获得5点护甲，攻击力+5，对自身造成3点伤害 | E100: skill1 | F100: red,1;green,3 | G100: 我方前排 | H100: auto | I100: =VLOOKUP(G100,'$skillTargetType'!$B:$D,2,FALSE) -> friendMelee | J100: =VLOOKUP(G100,'$skillTargetType'!$B:$D,3,FALSE) -> 0,0 | K100: 3 | M100: 5 | Q100: 攻击力+5 | S100: self
...

Sheet skillBuff
B1: targetSkill | C1: buffType | D1: para | H1: 给与buff
A2: =B2&C2&D2 -> combo1 | C2: combo | D2: 1 | H2: 连击+1
A3: =B3&C3&D3 -> addAtk4 | C3: addAtk | D3: 4 | H3: 攻击力+4
A4: =B4&C4&D4 -> skill1combo1 | B4: skill1 | C4: combo | D4: 1 | H4: 横扫_连击+1
A5: =B5&C5&D5 -> addAtk3 | C5: addAtk | D5: 3 | H5: 攻击力+3
A6: =B6&C6&D6 -> combo3 | C6: combo | D6: 3 | H6: 连击+3
A7: =B7&C7&D7 -> skill1combo1 | B7: skill1 | C7: combo | D7: 1 | H7: 乱拳连打_连击+1
A8: =B8&C8&D8 -> addShield3 | C8: addShield | D8: 3 | H8: 击杀敌人时自身护甲+3
A9: =B9&C9&D9 -> skill1combo1 | B9: skill1 | C9: combo | D9: 1 | H9: 二连盾击_连击+1
A10: =B10&C10&D10 -> addAtk2 | C10: addAtk | D10: 2 | H10: 攻击力+2
A11: =B11&C11&D11 -> skill1charge1 | B11: skill1 | C11: charge | D11: 1 | H11: 雷电术_充能+1
A12: =B12&C12&D12 -> skill1addTargetNum1 | B12: skill1 | C12: addTargetNum | D12: 1 | H12: 闪电链_随机目标+1
A13: =B13&C13&D13 -> skill1charge1 | B13: skill1 | C13: charge | D13: 1 | H13: 轰雷术_充能+1
A14: =B14&C14&D14 -> skill1charge1 | B14: skill1 | C14: charge | D14: 1 | H14: 冰枪术_充能+1
A15: =B15&C15&D15 -> addAtk6 | C15: addAtk | D15: 6 | H15: 攻击力+6
A16: =B16&C16&D16 -> addAtk2 | C16: addAtk | D16: 2 | H16: 攻击力+2
A17: =B17&C17&D17 -> skill1addTargetNum2 | B17: skill1 | C17: addTargetNum | D17: 2 | H17: ;大闪电链_随机目标+2
A18: =B18&C18&D18 -> combo2 | C18: combo | D18: 2 | H18: 连击+2
A19: =B19&C19&D19 -> skill1charge1 | B19: skill1 | C19: charge | D19: 1 | H19: 速射_充能+1
A20: =B20&C20&D20 -> skill1charge1 | B20: skill1 | C20: charge | D20: 1 | H20: 刺杀_充能+1
A21: =B21&C21&D21 -> skill1charge1 | B21: skill1 | C21: charge | D21: 1 | H21: 急速散射_充能+1
A22: =B22&C22&D22 -> skill1combo1 | B22: skill1 | C22: combo | D22: 1 | H22: 急速散射_连击+1
A23: =B23&C23&D23 -> skill1combo1 | B23: skill1 | C23: combo | D23: 1 | H23: 贯通连击_连击+1
A24: =B24&C24&D24 -> exposed1 | C24: exposed | D24: 1 | H24: 破碎+1
A25: =B25&C25&D25 -> vulnerable4 | C25: vulnerable | D25: 4 | H25: 重伤+4
A26: =B26&C26&D26 -> addAtk5 | C26: addAtk | D26: 5 | H26: 攻击力+5
A27: =B27&C27&D27 -> skill1charge1 | B27: skill1 | C27: charge | D27: 1 | H27: 灌注_充能+1
A28: =B28&C28&D28 -> skill1charge1 | B28: skill1 | C28: charge | D28: 1 | H28: 闪光术_充能+1

Sheet $skillTargetType
B2: 近战目标 | C2: melee | D2: 0,0
B3: 近战目标及背后相邻单位 | C3: melee | D3: 0,0;0,1
B4: 近战目标及左右相邻单位 | C4: melee | D4: 0,0;-1,0;1,0
B5: 近战目标及相邻单位 | C5: melee | D5: 0,0;0,1;0,-1;-1,0;1,0
B6: 自身 | C6: self | D6: 0,0
B7: 自身及相邻单位 | C7: self | D7: 0,0;0,1;0,-1;-1,0;1,0
B8: 我方前排 | C8: friendMelee | D8: 0,0
B9: 我方任意单位 | C9: friendAny | D9: 0,0
B10: 我方任意单位和自身 | C10: friendAnyAndSelf | D10: 0,0
B11: 自身所在列 | C11: self | D11: 0,0;0,1;0,-1;0,2;0,-2;0,3;0,-3;0,4;0,-4
B12: 自身所在行 | C12: self | D12: 0,0;-1,0;1,0;-2,0;2,0;-3,0;3,0;-4,0;4,0
B13: 任意目标 | C13: any | D13: 0,0
... B15: 近战目标和1个随机目标 | C15: meleeAndRand | D15: 0,0
B16: 相邻单位 | C16: inherit | D16: 0,0;0,1;0,-1;-1,0;1,0 | F16: 目标相邻单位
B17: 任意目标及相邻单位 | C17: any | D17: 0,0;0,1;0,-1;-1,0;1,0
B18: 任意列 | C18: any | D18: 0,0;0,1;0,-1;0,2;0,-2;0,3;0,-3;0,4;0,-4
B19: 近战目标和2个随机目标 | C19: meleeAndRand2 | D19: 0,0
B20: 随机近战目标 | C20: meleeRand
B21: 任意目标及背后相邻单位 | C21: melee | D21: 0,0;0,1
B22: 自身及我方前排 | C22: selfAndfriendMelee | D22: 0,0

Sheet configValue
A1: tag | C1: content
A2: initMapTier | B2: 初始地图tier | C2: 1
A3: initTeamSize | B3: 初始选人上限 | C3: 3
A4: initTeamList | B4: 初始选人列表 | C4: militia,guard,apprentice,hunter,priest
A5: battleMap | C5: {"battle":{1,1;1,2;1,3;1,4;1,5;2,1;2,2;2,3;2,4;2,5;3,2;3,3;3,4},"battleHigh":{1,1;1,2;1,3;1,4;1,5;2,1;2,2;2,3;2,4;2,5;3,1;3,2;3,3;3,4;3,5}}

Sheet map
A1: mapTag | B1: tie
A2: t1_Map1 | B2: 1
B3: 1
B4: 1
A5: t2_Map1 | B5: 2
B6: 2
B7: 2
A8: t3_Map1 | B8: 3
A9: t3_Map2 | B9: 3
A10: t3_Map3 | B10: 3

Sheet mapPoint
A1: tag | B1: mapTag | C1: pointNum | D1: pointType | E1: battleContent | F1: reward1 | G1: reward2 | H1: reward3 | I1: reward4
A2: 1 | B2: t1_Map1 | C2: 1 | D2: battle | E2: battle1,battle2 | F2: exp,9 | G2: coin,10 | H2: coin,10
A3: 2 | B3: t1_Map1 | C3: 2 | D3: battle | E3: battle1,battle2 | F3: exp,9 | G3: coin,10 | H3: coin,10
A4: 3 | B4: t1_Map1 | C4: 3 | D4: start
A5: 4 | B5: t1_Map1 | C5: 4 | D5: battle | E5: battle1,battle2 | F5: exp,9 | G5: coin,10 | H5: coin,10
A6: 5 | B6: t1_Map1 | C6: 5 | D6: battle | E6: battle1,battle2 | F6: exp,9 | G6: coin,10 | H6: coin,10 | L6: t1_Map1
A7: 6 | B7: t1_Map1 | C7: 6 | D7: battle | F7: exp,9 | G7: coin,10 | H7: coin,10 | J7: shop
A8: 7 | B8: t1_Map1 | C8: 7 | D8: battle | E8: battle1,battle2 | F8: exp,9 | G8: coin,10 | H8: coin,10
A9: 8 | B9: t1_Map1 | C9: 8 | D9: battle | E9: battle1,battle2 | F9: exp,9 | G9: coin,10 | H9: coin,10
A10: 9 | B10: t1_Map1 | C10: 9 | D10: rock
A11: 10 | B11: t1_Map1 | C11: 10 | D11: battle | E11: battle1,battle2 | F11: exp,9 | G11: coin,10 | H11: coin,10
A12: 11 | B12: t1_Map1 | C12: 11 | D12: coin | F12: coin,50
A13: 12 | B13: t1_Map1 | C13: 12 | D13: rock
A14: 13 | B14: t1_Map1 | C14: 13 | D14: battle | E14: battle1,battle2 | F14: exp,9 | G14: coin,10 | H14: coin,10
A15: 14 | B15: t1_Map1 | C15: 14 | D15: battle | E15: battle1,battle2 | F15: exp,9 | G15: coin,10 | H15: coin,10
A16: 15 | B16: t1_Map1 | C16: 15 | D16: coin | F16: coin,50
A17: 16 | B17: t1_Map1 | C17: 16 | D17: battle | E17: battle1,battle2 | F17: exp,9 | G17: coin,10 | H17: coin,10
A18: 17 | B18: t1_Map1 | C18: 17 | D18: battleHigh | E18: battle1,battle2 | F18: exp,9 | G18: coin,10 | H18: coin,10
A19: 18 | B19: t1_Map1 | C19: 18 | D19: battle | E19: battle1,battle2 | F19: exp,9 | G19: coin,10 | H19: coin,10
A20: 19 | B20: t1_Map1 | C20: 19 | D20: randWeapon | F20: randWeapon,q3
A21: 20 | B21: t1_Map1 | C21: 20 | D21: battle | E21: battle1,battle2 | F21: exp,9 | G21: coin,10 | H21: coin,10
A22: 21 | B22: t1_Map1 | C22: 21 | D22: randWeapon | F22: randArmor,q2
A23: 22 | B23: t1_Map1 | C23: 22 | D23: rock
A24: 23 | B24: t1_Map1 | C24: 23 | D24: coin | F24: coin,50
A25: 24 | B25: t1_Map1 | C25: 24 | D25: rock
A26: 25 | B26: t1_Map1 | C26: 25 | D26: battle | E26: battle1,battle2 | F26: exp,9 | G26: coin,10 | H26: coin,10
A27: 26 | B27: t1_Map1 | C27: 27 | D27: randWeapon | F27: randWeapon,q3
A28: 27 | B28: t1_Map1 | C28: 28 | D28: battleHigh | E28: battle1,battle2 | F28: exp,9 | G28: coin,10 | H28: coin,10
A29: 28 | B29: t1_Map1 | C29: 29 | D29: battle | F29: exp,9 | G29: coin,10 | H29: coin,10 | J29: shop
A30: 29 | B30: t1_Map1 | C30: 33 | D30: battleBoss | E30: battle1,battle2 | F30: exp,9 | G30: coin,10 | H30: coin,10
A31: 30 | B31: t2_Map1 | C31: 1 | D31: rock
A32: 31 | B32: t2_Map1 | C32: 2 | D32: rock
A33: 32 | B33: t2_Map1 | C33: 3 | D33: start
A34: 33 | B34: t2_Map1 | C34: 4 | D34: rock
A35: 34 | B35: t2_Map1 | C35: 5 | D35: rock
A36: 35 | B36: t2_Map1 | C36: 6 | D36: battle | F36: exp,9 | G36: coin,10 | H36: coin,10
A37: 36 | B37: t2_Map1 | C37: 7 | D37: battle | E37: battle1,battle2 | F37: exp,9 | G37: coin,10 | H37: coin,10
A38: 37 | B38: t2_Map1 | C38: 8 | D38: battle | E38: battle1,battle2 | F38: exp,9 | G38: coin,10 | H38: coin,10
A39: 38 | B39: t2_Map1 | C39: 9 | D39: rock
A40: 39 | B40: t2_Map1 | C40: 10 | D40: battle | E40: battle1,battle2 | F40: exp,9 | G40: coin,10 | H40: coin,10
A41: 40 | B41: t2_Map1 | C41: 11 | D41: coin | F41: coin,50
A42: 41 | B42: t2_Map1 | C42: 12 | D42: rock
A43: 42 | B43: t2_Map1 | C43: 13 | D43: battle | E43: battle1,battle2 | F43: exp,9 | G43: coin,10 | H43: coin,10
A44: 43 | B44: t2_Map1 | C44: 14 | D44: battle | E44: battle1,battle2 | F44: exp,9 | G44: coin,10 | H44: coin,10
A45: 44 | B45: t2_Map1 | C45: 15 | D45: coin | F45: coin,50
A46: 45 | B46: t2_Map1 | C46: 16 | D46: battle | E46: battle1,battle2 | F46: exp,9 | G46: coin,10 | H46: coin,10
A47: 46 | B47: t2_Map1 | C47: 17 | D47: battleHigh | E47: battle1,battle2 | F47: exp,9 | G47: coin,10 | H47: coin,10
A48: 47 | B48: t2_Map1 | C48: 18 | D48: battle | E48: battle1,battle2 | F48: exp,9 | G48: coin,10 | H48: coin,10
A49: 48 | B49: t2_Map1 | C49: 19 | D49: randWeapon | F49: randWeapon,q3
A50: 49 | B50: t2_Map1 | C50: 20 | D50: battle | E50: battle1,battle2 | F50: exp,9 | G50: coin,10 | H50: coin,10
A51: 50 | B51: t2_Map1 | C51: 21 | D51: randWeapon | F51: randArmor,q2
A52: 51 | B52: t2_Map1 | C52: 22 | D52: rock
A53: 52 | B53: t2_Map1 | C53: 23 | D53: coin | F53: coin,50
A54: 53 | B54: t2_Map1 | C54: 24 | D54: rock
A55: 54 | B55: t2_Map1 | C55: 25 | D55: battle | E55: battle1,battle2 | F55: exp,9 | G55: coin,10 | H55: coin,10
A56: 55 | B56: t2_Map1 | C56: 27 | D56: randWeapon | F56: randWeapon,q3
A57: 56 | B57: t2_Map1 | C57: 28 | D57: battleHigh | E57: battle1,battle2 | F57: exp,9 | G57: coin,10 | H57: coin,10
A58: 57 | B58: t2_Map1 | C58: 29 | D58: battle | F58: exp,9 | G58: coin,10 | H58: coin,10
A59: 58 | B59: t2_Map1 | C59: 33 | D59: battleBoss | E59: battle1,battle2 | F59: exp,9 | G59: coin,10 | H59: coin,10

Sheet battleScene
A1: tag | B1: battleScene | C1: munster | D1: x | E1: y
A2: 1 | B2: battle1 | C2: wolf | D2: 2 | E2: 1
A3: 2 | B3: battle1 | C3: bandit | D3: 4 | E3: 1
A4: 3 | B4: battle1 | C4: banditArcher | D4: 1 | E4: 1
A5: 4 | B5: battle2 | C5: wolf | D5: 3 | E5: 2
A6: 5 | B6: battle2 | C6: bandit | D6: 5 | E6: 2
A7: 6 | B7: battle2 | C7: banditArcher | D7: 1 | E7: 2

Sheet $type
A1: tag | C1: 战斗内容
A2: battle | B2: 一场战斗 | C2: 战斗tag数组
A3: battleHigh | B3: 一场随机的精英战斗 | C3: 战斗tag数组
A4: battleBoss | B4: 一场随机的boss战斗 | C4: 战斗tag数组
A5: randWeapon | B5: 随机武器
A6: randArmor | B6: 随机装备
A7: shop | B7: 打开商店
A8: coin | B8: 给钱
A9: rock | B9: 阻挡，不可选择
A10: start | B10: 首次进入这个地图，玩家位置在哪里
A19: 奖励类型 | B19: 说明 | C19: 配置样式 | D19: 解析
A20: exp | B20: 经验 | C20: exp,9 | D20: 9点经验
A21: coin | B21: 金币 | C21: coin,10 | D21: 10个金币
A22: randWeapon | B22: 随机武器 | C22: randWeapon,q3 | D22: 3品质的随机武器
A23: randArmor | B23: 随机防具 | C23: randArmor,q2 | D23: 2品质的随机装备
A25: 特殊奖励规则，如果玩家角色不满6个，最后一份奖励替换为增援
C29: show1 | D29: show2 | E29: show3
B30: 3 | C30: 2 | D30: 8 | E30: 4
B31: 2 | C31: 1 | D31: 7 | E31: X
B32: 7 | C32: 6 | D32: 12 | E32: 13
B33: 6 | C33: 11 | D33: X
B34: 11 | C34: 16 | D34: 17
B35: 17 | C35: X | D35: 22 | E35: 23
B37: here=33 | F37: 切换map到下个tier
B38: MOD(here，5)=3 | C38: here-1 | D38: here+5 | E38: here+1
B39: other | C39: here-1 | D39: here+5 | E39: here+6

Sheet $Sheet1
A1: 给与buff | B1: trigger | C1: targetSkill | D1: buffType | E1: para
A2: 连击+1 | D2: combo | E2: 1 | F2: =C2&D2&E2 -> combo1
A3: 攻击力+4 | D3: addAtk | E3: 4 | F3: =C3&D3&E3 -> addAtk4
A4: 横扫_连击+1 | C4: skill1 | D4: combo | E4: 1 | F4: =C4&D4&E4 -> skill1combo1
A5: 攻击力+3 | D5: addAtk | E5: 3 | F5: =C5&D5&E5 -> addAtk3
A6: 连击+3 | D6: combo | E6: 3 | F6: =C6&D6&E6 -> combo3
A7: 乱拳连打_连击+1 | C7: skill1 | D7: combo | E7: 1 | F7: =C7&D7&E7 -> skill1combo1
A8: 击杀敌人时自身护甲+3 | B8: kill | D8: addShield | E8: 3 | F8: =C8&D8&E8 -> addShield3
A9: 二连盾击_连击+1 | C9: skill1 | D9: combo | E9: 1 | F9: =C9&D9&E9 -> skill1combo1
A10: 攻击力+2 | D10: addAtk | E10: 2 | F10: =C10&D10&E10 -> addAtk2
A11: 雷电术_充能+1 | C11: skill1 | D11: charge | E11: 1 | F11: =C11&D11&E11 -> skill1charge1
A12: 闪电链_随机目标+1 | C12: skill1 | D12: addTargetNum | E12: 1 | F12: =C12&D12&E12 -> skill1addTargetNum1
A13: 轰雷术_充能+1 | C13: skill1 | D13: charge | E13: 1 | F13: =C13&D13&E13 -> skill1charge1
A14: 冰枪术_充能+1 | C14: skill1 | D14: charge | E14: 1 | F14: =C14&D14&E14 -> skill1charge1
A15: 攻击力+6 | D15: addAtk | E15: 6 | F15: =C15&D15&E15 -> addAtk6
A16: 攻击力+2 | D16: addAtk | E16: 2 | F16: =C16&D16&E16 -> addAtk2
A17: ;大闪电链_随机目标+2 | C17: skill1 | D17: addTargetNum | E17: 2 | F17: =C17&D17&E17 -> skill1addTargetNum2
A18: 连击+2 | D18: combo | E18: 2 | F18: =C18&D18&E18 -> combo2
A19: 速射_充能+1 | C19: skill1 | D19: charge | E19: 1 | F19: =C19&D19&E19 -> skill1charge1
A20: 刺杀_充能+1 | C20: skill1 | D20: charge | E20: 1 | F20: =C20&D20&E20 -> skill1charge1
A21: 急速散射_充能+1 | C21: skill1 | D21: charge | E21: 1 | F21: =C21&D21&E21 -> skill1charge1
A22: 急速散射_连击+1 | C22: skill1 | D22: combo | E22: 1 | F22: =C22&D22&E22 -> skill1combo1
A23: 贯通连击_连击+1 | C23: skill1 | D23: combo | E23: 1 | F23: =C23&D23&E23 -> skill1combo1
A24: 破碎+1 | D24: exposed | E24: 1 | F24: =C24&D24&E24 -> exposed1
A25: 重伤+4 | D25: vulnerable | E25: 4 | F25: =C25&D25&E25 -> vulnerable4
A26: 攻击力+5 | D26: addAtk | E26: 5 | F26: =C26&D26&E26 -> addAtk5
A27: 灌注_充能+1 | C27: skill1 | D27: charge | E27: 1 | F27: =C27&D27&E27 -> skill1charge1
A28: 闪光术_充能+1 | C28: skill1 | D28: charge | E28: 1 | F28: =C28&D28&E28 -> skill1charge1
